{
    "name": "LiquidCrystal", 
    "keywords": [
        "lcd", 
        "hd44780"
    ], 
    "description": "LiquidCrystal Library is faster and extensable, compatible with the original LiquidCrystal library", 
    "authors": [
        {
            "email": null, 
            "url": "https://bitbucket.org/fmalpartida", 
            "maintainer": false, 
            "name": "F Malpartida"
        }
    ], 
    "repository": {
        "type": "hg", 
        "url": "https://bitbucket.org/fmalpartida/new-liquidcrystal"
    }, 
    "version": "1.5.0", 
    "frameworks": [
        "arduino"
    ], 
    "platforms": [
        "atmelavr", 
        "espressif8266", 
        "espressif32"
    ], 
    "export": {
        "exclude": [
            "def", 
            "thirdparty libraries", 
            "utility/docs", 
            "doxygen*"
        ]
    }, 
    "id": 136
}